id,gt_fire,gt_reason,judger_reason,gt_type,pred_type,manual_guidance_grade,manual_note,model_message
d03,True,safety,next_step,safety,SAFETY,correct,Correct UV-off warning.,The UV light is currently on. Please turn off the UV light before opening the biosafety cabinet to avoid potential hazards.
d04,False,none,next_step,none,SAFETY,wrong,False positive during recovery; repeats the resolved UV warning.,The UV light is still on in the biosafety cabinet. Please turn off the UV light before placing the disinfected flask inside the cabinet.
d05,True,safety,next_step,safety,SAFETY,partial,Requires gloves but omits disinfecting them with alcohol.,Please ensure that you are wearing gloves before reaching into the biosafety cabinet to maintain sterility and safety.
d06,False,none,user_query,none,SAFETY,wrong,False positive; repeats stale UV warning during glove recovery.,The UV light is still on in the biosafety cabinet. Please turn off the UV light before proceeding with any work inside the cabinet.
d07,True,action_error,next_step,action_error,SAFETY,correct,Correctly lowers the sash; TYPE is SAFETY instead of ACTION_ERROR.,"The cabinet sash appears to be raised too high, which compromises sterility. Lower the sash to the recommended working height before proceeding."
d10,True,action_error,action_error,action_error,ACTION_ERROR,correct,Correctly adds PBS immediately to the dry flask.,The flask appears to have been left dry after removing the culture medium. Please promptly rinse the cells with PBS and discard the PBS to maintain cell viability.
d12,True,next_step,user_query,assistant,ACTION_ERROR,correct,Correctly advances to trypsin; TYPE is ACTION_ERROR instead of ASSISTANT.,The person has discarded the PBS rinse but should now proceed to add trypsin to the flask. Ensure that trypsin is added promptly to maintain cell viability.
d13,False,none,next_step,none,ACTION_ERROR,wrong,False positive on the already-correct trypsin step.,"The user appears to be adding a liquid to the flask, but it is unclear whether it is trypsin or another solution. Ensure that trypsin is added to the cell flask as per the protocol, and gently rock or tap the flask to distribute it evenly. Avoid vigorous shaking."
d25,False,none,next_step,none,ACTION_ERROR,wrong,False positive claiming missing label/medium at the completed return step.,The flask appears to be placed back into the incubator without being properly labeled or containing fresh medium as per the protocol. Ensure that the new flask is labeled and contains fresh culture medium before returning it to the incubator.
