variant,id,gt_type,pred_type,type_correct,manual_guidance_grade,manual_note,reference_guidance,model_message
official_raw_reprojection,d01,assistant,ASSISTANT,True,correct,Gives the flask-removal next step; adds later cabinet prerequisites.,"After sanitizing your hands, take the cell flask from the incubator.","The next step is to take the cell flask from the incubator, disinfect its exterior, and place it in the biosafety cabinet. Ensure the UV light is off, the sash is at the recommended working height, and your hands are gloved and disinfected for cabinet work."
official_clean_full_16,d01,assistant,ASSISTANT,True,partial,Includes flask removal but repeats the just-completed sanitization.,"After sanitizing your hands, take the cell flask from the incubator.",Please proceed to sanitize your hands thoroughly before taking the cell flask from the incubator. Ensure your hands are properly disinfected as per the protocol.
official_raw_reprojection,d03,safety,SAFETY,True,correct,Turns UV off before opening the cabinet.,Stop—do not open or use the biosafety cabinet while the UV light is on. Turn off the UV light before proceeding.,The UV light is currently on. Please turn it off before opening the biosafety cabinet to avoid potential hazards.
official_clean_full_16,d03,safety,SAFETY,True,correct,Turns UV off before opening the cabinet.,Stop—do not open or use the biosafety cabinet while the UV light is on. Turn off the UV light before proceeding.,The UV light is still on. Please ensure the UV light is turned off before opening the biosafety cabinet to avoid exposure to harmful UV radiation.
official_raw_reprojection,d05,safety,SAFETY,True,partial,Requires gloves but omits disinfecting them with alcohol.,Do not reach into the sterile cabinet with bare hands. Put on gloves and disinfect them with alcohol before continuing.,Please ensure you are wearing gloves before reaching into the biosafety cabinet to maintain sterility and safety.
official_clean_full_16,d05,safety,SAFETY,True,partial,Requires gloves but omits disinfecting them with alcohol.,Do not reach into the sterile cabinet with bare hands. Put on gloves and disinfect them with alcohol before continuing.,Please ensure that you are wearing gloves before reaching into the sterile cabinet to maintain sterility and prevent contamination.
official_raw_reprojection,d07,action_error,ACTION_ERROR,True,correct,Lowers the sash to the recommended height.,"The cabinet sash is raised too high, which may compromise aseptic conditions. Lower it to the recommended working height before continuing.","The cabinet sash appears to be raised too high, which violates the protocol. Lower the sash to the recommended working height to maintain proper containment and safety."
official_clean_full_16,d07,action_error,ACTION_ERROR,True,correct,Lowers the sash to the recommended height.,"The cabinet sash is raised too high, which may compromise aseptic conditions. Lower it to the recommended working height before continuing.","The cabinet sash appears to be raised too high, which violates the protocol. Lower the sash to the recommended working height to ensure proper containment and safety during cell passaging."
official_raw_reprojection,d09,assistant,ACTION_ERROR,False,partial,Adds the PBS rinse but omits discarding the rinse; TYPE is wrong.,"Now add PBS to rinse the cells, then discard the rinse.","The protocol specifies that after removing the spent medium, you should promptly rinse the cells with PBS. It appears that the PBS bottle is present but has not been used yet. Please proceed by rinsing the cells with PBS as per the protocol."
official_clean_full_16,d09,assistant,ACTION_ERROR,False,wrong,Repeats spent-medium removal instead of adding and discarding PBS.,"Now add PBS to rinse the cells, then discard the rinse.","The current task is Step 6, which involves removing the spent culture medium. However, the image shows that the cell flask has not been placed in the biosafety cabinet yet, and there is no visible action being taken to remove the medium. Please ensure the cell flask is in the biosafety cabinet and proceed with aspirating the spent medium carefully."
official_raw_reprojection,d10,action_error,ACTION_ERROR,True,correct,Immediately adds PBS to a dry flask.,Do not leave the flask dry and exposed. Add PBS immediately to rinse the cells.,The flask appears to have been left dry after removing the culture medium. Please promptly rinse the cells with PBS and discard the PBS to maintain cell viability.
official_clean_full_16,d10,action_error,ACTION_ERROR,True,correct,Immediately adds PBS to a dry flask.,Do not leave the flask dry and exposed. Add PBS immediately to rinse the cells.,The flask appears to be dry after removing the medium. Please add PBS to rinse the cells and discard the PBS promptly to maintain cell viability.
official_raw_reprojection,d12,assistant,ACTION_ERROR,False,wrong,Repeats PBS rinse instead of adding trypsin.,Add trypsin to cover the cell layer.,"The user has not yet added PBS to rinse the cells. According to the protocol, you should add PBS to rinse the cells after removing the spent medium, and then discard the PBS. Please proceed by adding PBS now."
official_clean_full_16,d12,assistant,ACTION_ERROR,False,wrong,Repeats PBS disposal instead of adding trypsin.,Add trypsin to cover the cell layer.,"The person appears to be holding a pipette with red liquid, but the current step requires discarding the PBS rinse. Ensure that the PBS is discarded properly before proceeding to the next step."
official_raw_reprojection,d14,action_error,ACTION_ERROR,True,partial,Stops vigorous motion but does not clearly say rock/tap to distribute trypsin.,Avoid vigorous shaking. Gently rock or tap the flask so the trypsin is distributed evenly.,"The person appears to be tilting the flask excessively, which could lead to vigorous shaking. Please handle the flask gently to avoid disturbing the cells unnecessarily."
official_clean_full_16,d14,action_error,NONE,False,partial,"Message corrects shaking, but malformed output is parsed as TYPE NONE.",Avoid vigorous shaking. Gently rock or tap the flask so the trypsin is distributed evenly.,"** The flask appears to be empty, and there is no visible liquid inside. Ensure that you have added trypsin to the flask as per the protocol. Avoid vigorous shaking and gently rock the flask to distribute the trypsin evenly."
official_raw_reprojection,d16,assistant,ASSISTANT,True,partial,Sends flask to incubator but omits the two-minute incubation.,Place the disinfected flask in the incubator and allow the trypsin to act for 2 minutes.,"You are currently disinfecting the flask, which is an important step before returning it to the incubator. Ensure that you thoroughly disinfect the exterior of the flask to prevent contamination. After disinfection, proceed to place the flask back into the incubator as per the protocol."
official_clean_full_16,d16,assistant,ACTION_ERROR,False,partial,Repeats flask disinfection and does not give the two-minute incubation.,Place the disinfected flask in the incubator and allow the trypsin to act for 2 minutes.,"The current action involves spraying a surface, but the protocol requires disinfecting the flask before returning it to the incubator. Please ensure you are disinfecting the flask exterior as per the protocol."
official_raw_reprojection,d18,assistant,ACTION_ERROR,False,wrong,Sends flask back to incubator instead of neutralizing completed trypsin.,The intended incubation is complete. Add two volumes of complete growth medium to neutralize the trypsin.,"The protocol specifies that after adding trypsin, the flask should be placed in the incubator for 2 minutes. However, the image shows the flask being held outside the incubator, which may disrupt the incubation process. Please ensure the flask is placed back in the incubator for the required time."
official_clean_full_16,d18,assistant,ACTION_ERROR,False,partial,"Says neutralize next but gives only an equivalent volume, not two volumes.",The intended incubation is complete. Add two volumes of complete growth medium to neutralize the trypsin.,"The trypsin incubation step appears to have been completed, but the flask should now be removed from the incubator and the trypsin neutralized by adding an equivalent volume of complete growth medium. Please proceed to the next step as per the protocol."
official_raw_reprojection,d19,action_error,ACTION_ERROR,True,correct,Neutralizes prolonged trypsin with two volumes of medium.,The cells have remained in trypsin too long. Add complete growth medium now to neutralize the trypsin and limit further exposure.,The cells have been left in trypsin longer than the intended incubation time. Please proceed to neutralize the trypsin by adding an equivalent of 2 volumes of complete growth medium as per the protocol.
official_clean_full_16,d19,action_error,ACTION_ERROR,True,correct,Neutralizes prolonged trypsin with two volumes of medium.,The cells have remained in trypsin too long. Add complete growth medium now to neutralize the trypsin and limit further exposure.,The current task indicates that the cells should not be left in trypsin beyond the intended incubation time. Please ensure that you promptly add the equivalent of 2 volumes of complete growth medium to neutralize the trypsin and proceed with dispersing the cells.
official_raw_reprojection,d21,assistant,ASSISTANT,True,correct,Transfers cells to a new flask after gentle dispersion.,"After gently pipetting to disperse the cells, transfer the appropriate volume into a new flask.","You are currently dispersing the cells by gently pipetting, which aligns with Step 15 of the protocol. Ensure that you are using a gentle technique to avoid damaging the cells. After dispersing, proceed to transfer the appropriate volume to a new flask as per the protocol."
official_clean_full_16,d21,assistant,ACTION_ERROR,False,partial,Includes eventual transfer but frames correct pipetting as an error.,"After gently pipetting to disperse the cells, transfer the appropriate volume into a new flask.",The current action appears to involve transferring liquid rather than gently pipetting to disperse the cells as required by Step 15. Ensure that you are using a pipette to gently mix and disperse the cells before proceeding to transfer them to a new flask.
official_raw_reprojection,d23,assistant,ACTION_ERROR,False,wrong,Requests cell transfer instead of labeling after fresh medium.,"Once fresh medium is added, label the new flask with the required information.","The person appears to be adding a liquid to the flask, but based on the protocol, they should be transferring the appropriate volume of cells to a new flask rather than adding fresh culture medium at this step. Please ensure that the cells are transferred to a new flask before adding fresh medium."
official_clean_full_16,d23,assistant,NONE,False,wrong,Does not tell the user to label the new flask.,"Once fresh medium is added, label the new flask with the required information.","** The current action appears to involve transferring liquid, but based on the protocol, Step 17 involves adding fresh culture medium to the new flask. Ensure that you are adding the correct medium to the new flask as per the protocol."
official_raw_reprojection,d24,assistant,ACTION_ERROR,False,wrong,Requests labeling instead of returning the labeled flask to incubator.,Return the labeled flask to the incubator.,The current action appears to involve transferring liquid rather than labeling the new flask as specified in Step 18. Please ensure that the new flask is properly labeled before proceeding.
official_clean_full_16,d24,assistant,NONE,False,wrong,Repeats labeling instead of returning the flask to incubator.,Return the labeled flask to the incubator.,"** The current action appears to involve transferring liquid from one container to another, but based on the protocol, Step 18 involves labeling the new flask. Ensure that the new flask is properly labeled before proceeding to the next steps."
